operation_index,time_ns,time_ms
0,33330,0.033330
1,5740,0.005740
2,310,0.000310
3,3770,0.003770
4,99721,0.099721
5,20700,0.020700
6,10690,0.010690
7,15041,0.015041
8,340,0.000340
9,340,0.000340
10,210,0.000210
11,210,0.000210
12,160,0.000160
13,1290,0.001290
14,4950,0.004950
15,250,0.000250
16,1020,0.001020
17,3080,0.003080
18,210,0.000210
19,2170,0.002170
20,210,0.000210
21,190,0.000190
22,2390,0.002390
23,210,0.000210
24,1000,0.001000
25,270,0.000270
26,220,0.000220
27,180,0.000180
28,10190,0.010190
29,1300,0.001300
30,1040,0.001040
31,270,0.000270
32,1020,0.001020
33,280,0.000280
34,210,0.000210
35,2980,0.002980
36,2320,0.002320
37,690,0.000690
38,6710,0.006710
39,220,0.000220
40,20970,0.020970
41,5930,0.005930
42,300,0.000300
43,1250,0.001250
44,2681,0.002681
45,1150,0.001150
46,2330,0.002330
47,3430,0.003430
48,1430,0.001430
49,230,0.000230
50,260,0.000260
51,3020,0.003020
52,3100,0.003100
53,1310,0.001310
54,1200,0.001200
55,880,0.000880
56,500,0.000500
57,10410,0.010410
58,330,0.000330
59,490,0.000490
60,3040,0.003040
61,490,0.000490
62,210,0.000210
63,1020,0.001020
64,190,0.000190
65,2590,0.002590
66,1060,0.001060
67,1230,0.001230
68,230,0.000230
69,1220,0.001220
70,250,0.000250
71,1630,0.001630
72,990,0.000990
73,250,0.000250
74,170,0.000170
75,2740,0.002740
76,500,0.000500
77,200,0.000200
78,860,0.000860
79,210,0.000210
80,280,0.000280
81,2010,0.002010
82,2170,0.002170
83,980,0.000980
84,5900,0.005900
85,270,0.000270
86,2310,0.002310
87,210,0.000210
88,200,0.000200
89,1610,0.001610
90,3730,0.003730
91,220,0.000220
92,290,0.000290
93,210,0.000210
94,160,0.000160
95,150,0.000150
96,3190,0.003190
97,1850,0.001850
98,1090,0.001090
99,3000,0.003000
100,10500,0.010500
101,2500,0.002500
102,180,0.000180
103,1300,0.001300
104,13131,0.013131
105,6600,0.006600
106,3240,0.003240
107,3980,0.003980
108,220,0.000220
109,220,0.000220
110,130,0.000130
111,250,0.000250
112,150,0.000150
113,1060,0.001060
114,3420,0.003420
115,210,0.000210
116,820,0.000820
117,2210,0.002210
118,190,0.000190
119,1850,0.001850
120,190,0.000190
121,180,0.000180
122,2190,0.002190
123,220,0.000220
124,800,0.000800
125,270,0.000270
126,200,0.000200
127,190,0.000190
128,1130,0.001130
129,830,0.000830
130,1020,0.001020
131,210,0.000210
132,740,0.000740
133,260,0.000260
134,160,0.000160
135,2300,0.002300
136,2050,0.002050
137,690,0.000690
138,6190,0.006190
139,210,0.000210
140,8250,0.008250
141,2010,0.002010
142,240,0.000240
143,1100,0.001100
144,3390,0.003390
145,1190,0.001190
146,2310,0.002310
147,2770,0.002770
148,1180,0.001180
149,210,0.000210
150,200,0.000200
151,2370,0.002370
152,2630,0.002630
153,1140,0.001140
154,780,0.000780
155,760,0.000760
156,510,0.000510
157,860,0.000860
158,240,0.000240
159,450,0.000450
160,2520,0.002520
161,430,0.000430
162,210,0.000210
163,860,0.000860
164,190,0.000190
165,1940,0.001940
166,870,0.000870
167,1020,0.001020
168,220,0.000220
169,1030,0.001030
170,200,0.000200
171,1550,0.001550
172,720,0.000720
173,200,0.000200
174,160,0.000160
175,2410,0.002410
176,470,0.000470
177,190,0.000190
178,760,0.000760
179,170,0.000170
180,180,0.000180
181,1770,0.001770
182,1730,0.001730
183,860,0.000860
184,14120,0.014120
185,450,0.000450
186,2290,0.002290
187,200,0.000200
188,190,0.000190
189,950,0.000950
190,3020,0.003020
191,210,0.000210
192,240,0.000240
193,180,0.000180
194,150,0.000150
195,130,0.000130
196,2570,0.002570
197,1600,0.001600
198,6130,0.006130
199,2470,0.002470
200,30801,0.030801
201,7220,0.007220
202,5110,0.005110
203,4370,0.004370
204,19280,0.019280
205,21140,0.021140
206,5830,0.005830
207,11800,0.011800
208,210,0.000210
209,220,0.000220
210,230,0.000230
211,170,0.000170
212,150,0.000150
213,7571,0.007571
214,2560,0.002560
215,200,0.000200
216,430,0.000430
217,1470,0.001470
218,150,0.000150
219,7060,0.007060
220,190,0.000190
221,160,0.000160
222,1290,0.001290
223,190,0.000190
224,290,0.000290
225,210,0.000210
226,150,0.000150
227,140,0.000140
228,8850,0.008850
229,440,0.000440
230,280,0.000280
231,170,0.000170
232,240,0.000240
233,160,0.000160
234,160,0.000160
235,1700,0.001700
236,1210,0.001210
237,5690,0.005690
238,1990,0.001990
239,180,0.000180
240,12230,0.012230
241,12520,0.012520
242,230,0.000230
243,1020,0.001020
244,2110,0.002110
245,1090,0.001090
246,2410,0.002410
247,3070,0.003070
248,3060,0.003060
249,320,0.000320
250,340,0.000340
251,3930,0.003930
252,3370,0.003370
253,2130,0.002130
254,650,0.000650
255,550,0.000550
256,510,0.000510
257,550,0.000550
258,240,0.000240
259,430,0.000430
260,3080,0.003080
261,430,0.000430
262,200,0.000200
263,630,0.000630
264,220,0.000220
265,2090,0.002090
266,560,0.000560
267,1470,0.001470
268,220,0.000220
269,1230,0.001230
270,260,0.000260
271,1690,0.001690
272,510,0.000510
273,290,0.000290
274,200,0.000200
275,2530,0.002530
276,560,0.000560
277,230,0.000230
278,580,0.000580
279,280,0.000280
280,220,0.000220
281,2060,0.002060
282,1930,0.001930
283,630,0.000630
284,9920,0.009920
285,280,0.000280
286,1640,0.001640
287,180,0.000180
288,170,0.000170
289,610,0.000610
290,2210,0.002210
291,150,0.000150
292,220,0.000220
293,150,0.000150
294,140,0.000140
295,130,0.000130
296,1570,0.001570
297,1270,0.001270
298,320,0.000320
299,1300,0.001300
300,12050,0.012050
301,2150,0.002150
302,260,0.000260
303,1400,0.001400
304,5120,0.005120
305,34710,0.034710
306,3460,0.003460
307,4090,0.004090
308,180,0.000180
309,210,0.000210
310,180,0.000180
311,180,0.000180
312,140,0.000140
313,400,0.000400
314,2800,0.002800
315,210,0.000210
316,390,0.000390
317,1140,0.001140
318,150,0.000150
319,1150,0.001150
320,160,0.000160
321,170,0.000170
322,910,0.000910
323,200,0.000200
324,280,0.000280
325,220,0.000220
326,160,0.000160
327,150,0.000150
328,700,0.000700
329,290,0.000290
330,270,0.000270
331,150,0.000150
332,230,0.000230
333,250,0.000250
334,140,0.000140
335,1110,0.001110
336,1040,0.001040
337,400,0.000400
338,1610,0.001610
339,150,0.000150
340,8580,0.008580
341,1330,0.001330
342,210,0.000210
343,330,0.000330
344,1310,0.001310
345,900,0.000900
346,1100,0.001100
347,1670,0.001670
348,890,0.000890
349,170,0.000170
350,200,0.000200
351,2110,0.002110
352,1370,0.001370
353,900,0.000900
354,340,0.000340
355,260,0.000260
356,300,0.000300
357,270,0.000270
358,190,0.000190
359,250,0.000250
360,1900,0.001900
361,260,0.000260
362,170,0.000170
363,340,0.000340
364,170,0.000170
365,1180,0.001180
366,270,0.000270
367,780,0.000780
368,170,0.000170
369,670,0.000670
370,160,0.000160
371,890,0.000890
372,280,0.000280
373,190,0.000190
374,130,0.000130
375,1240,0.001240
376,250,0.000250
377,160,0.000160
378,280,0.000280
379,160,0.000160
380,160,0.000160
381,990,0.000990
382,1010,0.001010
383,300,0.000300
384,2340,0.002340
385,200,0.000200
386,1170,0.001170
387,180,0.000180
388,160,0.000160
389,290,0.000290
390,1430,0.001430
391,140,0.000140
392,180,0.000180
393,130,0.000130
394,140,0.000140
395,120,0.000120
396,1230,0.001230
397,940,0.000940
398,300,0.000300
399,960,0.000960
400,10850,0.010850
401,2150,0.002150
402,240,0.000240
403,1390,0.001390
404,5580,0.005580
405,9250,0.009250
406,3000,0.003000
407,3590,0.003590
408,190,0.000190
409,190,0.000190
410,180,0.000180
411,180,0.000180
412,130,0.000130
413,620,0.000620
414,1930,0.001930
415,200,0.000200
416,370,0.000370
417,1300,0.001300
418,140,0.000140
419,1040,0.001040
420,150,0.000150
421,160,0.000160
422,1200,0.001200
423,240,0.000240
424,280,0.000280
425,210,0.000210
426,170,0.000170
427,150,0.000150
428,750,0.000750
429,260,0.000260
430,270,0.000270
431,150,0.000150
432,230,0.000230
433,140,0.000140
434,140,0.000140
435,1180,0.001180
436,1050,0.001050
437,370,0.000370
438,1500,0.001500
439,160,0.000160
440,8410,0.008410
441,1390,0.001390
442,230,0.000230
443,350,0.000350
444,4390,0.004390
445,1210,0.001210
446,1160,0.001160
447,1840,0.001840
448,1010,0.001010
449,200,0.000200
450,180,0.000180
451,2000,0.002000
452,1300,0.001300
453,950,0.000950
454,360,0.000360
455,260,0.000260
456,300,0.000300
457,280,0.000280
458,220,0.000220
459,260,0.000260
460,1770,0.001770
461,260,0.000260
462,170,0.000170
463,400,0.000400
464,160,0.000160
465,1190,0.001190
466,310,0.000310
467,820,0.000820
468,190,0.000190
469,720,0.000720
470,170,0.000170
471,870,0.000870
472,330,0.000330
473,180,0.000180
474,140,0.000140
475,1190,0.001190
476,280,0.000280
477,150,0.000150
478,270,0.000270
479,150,0.000150
480,180,0.000180
481,840,0.000840
482,1040,0.001040
483,290,0.000290
484,2080,0.002080
485,170,0.000170
486,1870,0.001870
487,170,0.000170
488,150,0.000150
489,300,0.000300
490,1610,0.001610
491,160,0.000160
492,210,0.000210
493,130,0.000130
494,130,0.000130
495,120,0.000120
496,1800,0.001800
497,1200,0.001200
498,350,0.000350
499,1010,0.001010
500,7790,0.007790
501,2600,0.002600
502,190,0.000190
503,1530,0.001530
504,21200,0.021200
505,8300,0.008300
506,2910,0.002910
507,15091,0.015091
508,210,0.000210
509,220,0.000220
510,460,0.000460
511,190,0.000190
512,160,0.000160
513,590,0.000590
514,2220,0.002220
515,250,0.000250
516,380,0.000380
517,1160,0.001160
518,130,0.000130
519,1060,0.001060
520,150,0.000150
521,160,0.000160
522,880,0.000880
523,250,0.000250
524,260,0.000260
525,190,0.000190
526,140,0.000140
527,150,0.000150
528,12510,0.012510
529,460,0.000460
530,280,0.000280
531,190,0.000190
532,250,0.000250
533,240,0.000240
534,140,0.000140
535,1170,0.001170
536,970,0.000970
537,440,0.000440
538,1460,0.001460
539,160,0.000160
540,16720,0.016720
541,1490,0.001490
542,190,0.000190
543,390,0.000390
544,1160,0.001160
545,1080,0.001080
546,960,0.000960
547,1730,0.001730
548,920,0.000920
549,180,0.000180
550,310,0.000310
551,5510,0.005510
552,1220,0.001220
553,1070,0.001070
554,520,0.000520
555,260,0.000260
556,270,0.000270
557,390,0.000390
558,200,0.000200
559,280,0.000280
560,1890,0.001890
561,240,0.000240
562,160,0.000160
563,340,0.000340
564,180,0.000180
565,1080,0.001080
566,260,0.000260
567,830,0.000830
568,170,0.000170
569,700,0.000700
570,150,0.000150
571,880,0.000880
572,270,0.000270
573,190,0.000190
574,130,0.000130
575,1140,0.001140
576,270,0.000270
577,160,0.000160
578,260,0.000260
579,160,0.000160
580,250,0.000250
581,870,0.000870
582,1020,0.001020
583,291,0.000291
584,4810,0.004810
585,190,0.000190
586,1210,0.001210
587,170,0.000170
588,140,0.000140
589,330,0.000330
590,1540,0.001540
591,150,0.000150
592,190,0.000190
593,130,0.000130
594,140,0.000140
595,130,0.000130
596,1110,0.001110
597,1110,0.001110
598,310,0.000310
599,920,0.000920
600,7820,0.007820
601,1430,0.001430
602,170,0.000170
603,1540,0.001540
604,7460,0.007460
605,8980,0.008980
606,2760,0.002760
607,770,0.000770
608,230,0.000230
609,190,0.000190
610,200,0.000200
611,171,0.000171
612,150,0.000150
613,730,0.000730
614,1900,0.001900
615,180,0.000180
616,350,0.000350
617,1070,0.001070
618,130,0.000130
619,1080,0.001080
620,150,0.000150
621,150,0.000150
622,7460,0.007460
623,250,0.000250
624,280,0.000280
625,250,0.000250
626,170,0.000170
627,140,0.000140
628,500,0.000500
629,290,0.000290
630,250,0.000250
631,140,0.000140
632,230,0.000230
633,260,0.000260
634,140,0.000140
635,1910,0.001910
636,1100,0.001100
637,360,0.000360
638,1520,0.001520
639,170,0.000170
640,13690,0.013690
641,1510,0.001510
642,210,0.000210
643,320,0.000320
644,1230,0.001230
645,990,0.000990
646,1160,0.001160
647,3000,0.003000
648,1180,0.001180
649,190,0.000190
650,250,0.000250
651,2170,0.002170
652,1460,0.001460
653,940,0.000940
654,370,0.000370
655,250,0.000250
656,300,0.000300
657,340,0.000340
658,200,0.000200
659,260,0.000260
660,1820,0.001820
661,270,0.000270
662,150,0.000150
663,320,0.000320
664,160,0.000160
665,1100,0.001100
666,310,0.000310
667,760,0.000760
668,170,0.000170
669,670,0.000670
670,150,0.000150
671,1230,0.001230
672,280,0.000280
673,170,0.000170
674,130,0.000130
675,1140,0.001140
676,290,0.000290
677,160,0.000160
678,270,0.000270
679,170,0.000170
680,210,0.000210
681,960,0.000960
682,920,0.000920
683,300,0.000300
684,2200,0.002200
685,180,0.000180
686,1130,0.001130
687,150,0.000150
688,140,0.000140
689,270,0.000270
690,1400,0.001400
691,140,0.000140
692,170,0.000170
693,140,0.000140
694,150,0.000150
695,140,0.000140
696,1180,0.001180
697,1010,0.001010
698,330,0.000330
699,940,0.000940
700,7250,0.007250
701,1260,0.001260
702,190,0.000190
703,1500,0.001500
704,8240,0.008240
705,24941,0.024941
706,3120,0.003120
707,780,0.000780
708,230,0.000230
709,200,0.000200
710,220,0.000220
711,160,0.000160
712,150,0.000150
713,520,0.000520
714,1950,0.001950
715,180,0.000180
716,360,0.000360
717,1120,0.001120
718,130,0.000130
719,1030,0.001030
720,150,0.000150
721,130,0.000130
722,850,0.000850
723,240,0.000240
724,390,0.000390
725,180,0.000180
726,140,0.000140
727,150,0.000150
728,630,0.000630
729,280,0.000280
730,310,0.000310
731,150,0.000150
732,280,0.000280
733,160,0.000160
734,150,0.000150
735,980,0.000980
736,1000,0.001000
737,370,0.000370
738,1190,0.001190
739,150,0.000150
740,11590,0.011590
741,1430,0.001430
742,170,0.000170
743,340,0.000340
744,1130,0.001130
745,1060,0.001060
746,890,0.000890
747,1760,0.001760
748,950,0.000950
749,170,0.000170
750,160,0.000160
751,1980,0.001980
752,1100,0.001100
753,890,0.000890
754,390,0.000390
755,280,0.000280
756,310,0.000310
757,310,0.000310
758,200,0.000200
759,280,0.000280
760,1830,0.001830
761,250,0.000250
762,160,0.000160
763,350,0.000350
764,150,0.000150
765,840,0.000840
766,260,0.000260
767,780,0.000780
768,180,0.000180
769,730,0.000730
770,150,0.000150
771,910,0.000910
772,410,0.000410
773,230,0.000230
774,140,0.000140
775,1100,0.001100
776,270,0.000270
777,160,0.000160
778,280,0.000280
779,160,0.000160
780,240,0.000240
781,840,0.000840
782,1060,0.001060
783,290,0.000290
784,4580,0.004580
785,200,0.000200
786,1210,0.001210
787,160,0.000160
788,160,0.000160
789,330,0.000330
790,1060,0.001060
791,140,0.000140
792,180,0.000180
793,140,0.000140
794,130,0.000130
795,120,0.000120
796,1050,0.001050
797,1030,0.001030
798,320,0.000320
799,2660,0.002660
800,7380,0.007380
801,1290,0.001290
802,230,0.000230
803,1650,0.001650
804,7320,0.007320
805,11320,0.011320
806,2560,0.002560
807,690,0.000690
808,230,0.000230
809,230,0.000230
810,230,0.000230
811,170,0.000170
812,150,0.000150
813,450,0.000450
814,1950,0.001950
815,210,0.000210
816,300,0.000300
817,1130,0.001130
818,140,0.000140
819,990,0.000990
820,150,0.000150
821,160,0.000160
822,850,0.000850
823,240,0.000240
824,290,0.000290
825,180,0.000180
826,160,0.000160
827,150,0.000150
828,770,0.000770
829,300,0.000300
830,270,0.000270
831,150,0.000150
832,230,0.000230
833,240,0.000240
834,150,0.000150
835,970,0.000970
836,920,0.000920
837,430,0.000430
838,1250,0.001250
839,150,0.000150
840,13080,0.013080
841,1510,0.001510
842,210,0.000210
843,380,0.000380
844,1160,0.001160
845,1060,0.001060
846,990,0.000990
847,23711,0.023711
848,1510,0.001510
849,170,0.000170
850,220,0.000220
851,2070,0.002070
852,1200,0.001200
853,920,0.000920
854,390,0.000390
855,260,0.000260
856,320,0.000320
857,300,0.000300
858,200,0.000200
859,290,0.000290
860,2060,0.002060
861,250,0.000250
862,160,0.000160
863,370,0.000370
864,150,0.000150
865,940,0.000940
866,280,0.000280
867,990,0.000990
868,180,0.000180
869,740,0.000740
870,150,0.000150
871,990,0.000990
872,310,0.000310
873,160,0.000160
874,150,0.000150
875,1130,0.001130
876,300,0.000300
877,170,0.000170
878,290,0.000290
879,170,0.000170
880,240,0.000240
881,820,0.000820
882,1110,0.001110
883,320,0.000320
884,8000,0.008000
885,210,0.000210
886,1350,0.001350
887,170,0.000170
888,160,0.000160
889,340,0.000340
890,1330,0.001330
891,160,0.000160
892,190,0.000190
893,140,0.000140
894,140,0.000140
895,130,0.000130
896,1120,0.001120
897,1240,0.001240
898,330,0.000330
899,960,0.000960
900,7680,0.007680
901,1490,0.001490
902,220,0.000220
903,1680,0.001680
904,8570,0.008570
905,15690,0.015690
906,3720,0.003720
907,1070,0.001070
908,150,0.000150
909,190,0.000190
910,210,0.000210
911,160,0.000160
912,140,0.000140
913,400,0.000400
914,1930,0.001930
915,180,0.000180
916,450,0.000450
917,1040,0.001040
918,120,0.000120
919,1000,0.001000
920,180,0.000180
921,160,0.000160
922,820,0.000820
923,310,0.000310
924,290,0.000290
925,180,0.000180
926,150,0.000150
927,140,0.000140
928,870,0.000870
929,281,0.000281
930,260,0.000260
931,160,0.000160
932,240,0.000240
933,250,0.000250
934,140,0.000140
935,1000,0.001000
936,910,0.000910
937,390,0.000390
938,1220,0.001220
939,160,0.000160
940,13140,0.013140
941,1350,0.001350
942,200,0.000200
943,350,0.000350
944,1580,0.001580
945,1110,0.001110
946,1000,0.001000
947,1790,0.001790
948,880,0.000880
949,150,0.000150
950,170,0.000170
951,2100,0.002100
952,1090,0.001090
953,770,0.000770
954,520,0.000520
955,330,0.000330
956,280,0.000280
957,400,0.000400
958,200,0.000200
959,280,0.000280
960,1730,0.001730
961,240,0.000240
962,150,0.000150
963,350,0.000350
964,150,0.000150
965,870,0.000870
966,260,0.000260
967,730,0.000730
968,170,0.000170
969,680,0.000680
970,170,0.000170
971,11300,0.011300
972,470,0.000470
973,280,0.000280
974,120,0.000120
975,1240,0.001240
976,330,0.000330
977,160,0.000160
978,300,0.000300
979,160,0.000160
980,240,0.000240
981,920,0.000920
982,1140,0.001140
983,300,0.000300
984,4650,0.004650
985,210,0.000210
986,14230,0.014230
987,190,0.000190
988,180,0.000180
989,560,0.000560
990,1510,0.001510
991,170,0.000170
992,170,0.000170
993,130,0.000130
994,130,0.000130
995,120,0.000120
996,1240,0.001240
997,1280,0.001280
998,320,0.000320
999,941,0.000941
1000,6930,0.006930
1001,1340,0.001340
1002,170,0.000170
1003,1880,0.001880
1004,7400,0.007400
1005,10650,0.010650
1006,2590,0.002590
1007,1420,0.001420
1008,140,0.000140
1009,150,0.000150
1010,220,0.000220
1011,120,0.000120
1012,110,0.000110
1013,340,0.000340
1014,1610,0.001610
1015,160,0.000160
1016,320,0.000320
1017,830,0.000830
1018,120,0.000120
1019,730,0.000730
1020,120,0.000120
1021,120,0.000120
1022,710,0.000710
1023,200,0.000200
1024,220,0.000220
1025,150,0.000150
1026,110,0.000110
1027,120,0.000120
1028,810,0.000810
1029,240,0.000240
1030,200,0.000200
1031,130,0.000130
1032,190,0.000190
1033,210,0.000210
1034,110,0.000110
1035,740,0.000740
1036,730,0.000730
1037,300,0.000300
1038,880,0.000880
1039,120,0.000120
1040,11460,0.011460
1041,1180,0.001180
1042,140,0.000140
1043,270,0.000270
1044,890,0.000890
1045,930,0.000930
1046,1020,0.001020
1047,1600,0.001600
1048,760,0.000760
1049,150,0.000150
1050,210,0.000210
1051,1950,0.001950
1052,940,0.000940
1053,670,0.000670
1054,320,0.000320
1055,220,0.000220
1056,260,0.000260
1057,300,0.000300
1058,160,0.000160
1059,220,0.000220
1060,1310,0.001310
1061,200,0.000200
1062,130,0.000130
1063,230,0.000230
1064,120,0.000120
1065,760,0.000760
1066,290,0.000290
1067,620,0.000620
1068,130,0.000130
1069,540,0.000540
1070,120,0.000120
1071,640,0.000640
1072,220,0.000220
1073,190,0.000190
1074,110,0.000110
1075,800,0.000800
1076,210,0.000210
1077,120,0.000120
1078,210,0.000210
1079,130,0.000130
1080,120,0.000120
1081,680,0.000680
1082,860,0.000860
1083,220,0.000220
1084,1450,0.001450
1085,140,0.000140
1086,870,0.000870
1087,140,0.000140
1088,130,0.000130
1089,220,0.000220
1090,770,0.000770
1091,120,0.000120
1092,140,0.000140
1093,100,0.000100
1094,110,0.000110
1095,100,0.000100
1096,900,0.000900
1097,730,0.000730
1098,250,0.000250
1099,700,0.000700
1100,8870,0.008870
1101,1440,0.001440
1102,190,0.000190
1103,1840,0.001840
1104,7540,0.007540
1105,10870,0.010870
1106,2570,0.002570
1107,1040,0.001040
1108,160,0.000160
1109,190,0.000190
1110,210,0.000210
1111,170,0.000170
1112,150,0.000150
1113,430,0.000430
1114,1730,0.001730
1115,200,0.000200
1116,430,0.000430
1117,1000,0.001000
1118,130,0.000130
1119,890,0.000890
1120,130,0.000130
1121,140,0.000140
1122,810,0.000810
1123,240,0.000240
1124,270,0.000270
1125,190,0.000190
1126,160,0.000160
1127,160,0.000160
1128,810,0.000810
1129,290,0.000290
1130,250,0.000250
1131,150,0.000150
1132,240,0.000240
1133,260,0.000260
1134,130,0.000130
1135,1010,0.001010
1136,870,0.000870
1137,350,0.000350
1138,1140,0.001140
1139,150,0.000150
1140,11980,0.011980
1141,1310,0.001310
1142,170,0.000170
1143,350,0.000350
1144,1040,0.001040
1145,1001,0.001001
1146,870,0.000870
1147,1700,0.001700
1148,870,0.000870
1149,160,0.000160
1150,210,0.000210
1151,1810,0.001810
1152,1150,0.001150
1153,810,0.000810
1154,600,0.000600
1155,320,0.000320
1156,310,0.000310
1157,340,0.000340
1158,190,0.000190
1159,270,0.000270
1160,1580,0.001580
1161,250,0.000250
1162,170,0.000170
1163,280,0.000280
1164,150,0.000150
1165,14270,0.014270
1166,660,0.000660
1167,1080,0.001080
1168,170,0.000170
1169,810,0.000810
1170,150,0.000150
1171,920,0.000920
1172,310,0.000310
1173,160,0.000160
1174,130,0.000130
1175,1100,0.001100
1176,280,0.000280
1177,160,0.000160
1178,260,0.000260
1179,160,0.000160
1180,260,0.000260
1181,850,0.000850
1182,970,0.000970
1183,290,0.000290
1184,1730,0.001730
1185,150,0.000150
1186,1060,0.001060
1187,160,0.000160
1188,180,0.000180
1189,270,0.000270
1190,1050,0.001050
1191,130,0.000130
1192,160,0.000160
1193,150,0.000150
1194,130,0.000130
1195,120,0.000120
1196,1020,0.001020
1197,990,0.000990
1198,290,0.000290
1199,890,0.000890
1200,7050,0.007050
1201,1280,0.001280
1202,180,0.000180
1203,1360,0.001360
1204,7920,0.007920
1205,13791,0.013791
1206,22910,0.022910
1207,920,0.000920
1208,160,0.000160
1209,200,0.000200
1210,210,0.000210
1211,140,0.000140
1212,120,0.000120
1213,550,0.000550
1214,8430,0.008430
1215,240,0.000240
1216,390,0.000390
1217,1280,0.001280
1218,130,0.000130
1219,3330,0.003330
1220,150,0.000150
1221,140,0.000140
1222,500,0.000500
1223,240,0.000240
1224,280,0.000280
1225,180,0.000180
1226,140,0.000140
1227,140,0.000140
1228,660,0.000660
1229,310,0.000310
1230,240,0.000240
1231,160,0.000160
1232,250,0.000250
1233,240,0.000240
1234,130,0.000130
1235,1010,0.001010
1236,940,0.000940
1237,380,0.000380
1238,3220,0.003220
1239,180,0.000180
1240,12100,0.012100
1241,1480,0.001480
1242,210,0.000210
1243,380,0.000380
1244,960,0.000960
1245,1080,0.001080
1246,940,0.000940
1247,1740,0.001740
1248,930,0.000930
1249,170,0.000170
1250,580,0.000580
1251,2070,0.002070
1252,1160,0.001160
1253,830,0.000830
1254,290,0.000290
1255,270,0.000270
1256,320,0.000320
1257,330,0.000330
1258,250,0.000250
1259,360,0.000360
1260,2100,0.002100
1261,300,0.000300
1262,190,0.000190
1263,390,0.000390
1264,170,0.000170
1265,510,0.000510
1266,310,0.000310
1267,15430,0.015430
1268,370,0.000370
1269,1050,0.001050
1270,170,0.000170
1271,1090,0.001090
1272,380,0.000380
1273,170,0.000170
1274,120,0.000120
1275,1140,0.001140
1276,260,0.000260
1277,150,0.000150
1278,270,0.000270
1279,160,0.000160
1280,230,0.000230
1281,910,0.000910
1282,1010,0.001010
1283,300,0.000300
1284,1410,0.001410
1285,190,0.000190
1286,1150,0.001150
1287,170,0.000170
1288,170,0.000170
1289,290,0.000290
1290,610,0.000610
1291,130,0.000130
1292,180,0.000180
1293,130,0.000130
1294,140,0.000140
1295,120,0.000120
1296,1060,0.001060
1297,970,0.000970
1298,310,0.000310
1299,810,0.000810
1300,7290,0.007290
1301,1300,0.001300
1302,150,0.000150
1303,1500,0.001500
1304,7390,0.007390
1305,11500,0.011500
1306,660,0.000660
1307,1040,0.001040
1308,200,0.000200
1309,160,0.000160
1310,200,0.000200
1311,120,0.000120
1312,130,0.000130
1313,340,0.000340
1314,2080,0.002080
1315,160,0.000160
1316,320,0.000320
1317,850,0.000850
1318,100,0.000100
1319,450,0.000450
1320,110,0.000110
1321,120,0.000120
1322,400,0.000400
1323,270,0.000270
1324,260,0.000260
1325,150,0.000150
1326,110,0.000110
1327,110,0.000110
1328,630,0.000630
1329,230,0.000230
1330,210,0.000210
1331,240,0.000240
1332,320,0.000320
1333,240,0.000240
1334,150,0.000150
1335,1340,0.001340
1336,1210,0.001210
1337,990,0.000990
1338,1250,0.001250
1339,180,0.000180
1340,14301,0.014301
1341,1440,0.001440
1342,210,0.000210
1343,600,0.000600
1344,1730,0.001730
1345,1160,0.001160
1346,1300,0.001300
1347,2080,0.002080
1348,910,0.000910
1349,230,0.000230
1350,300,0.000300
1351,15920,0.015920
1352,1050,0.001050
1353,680,0.000680
1354,370,0.000370
1355,240,0.000240
1356,240,0.000240
1357,220,0.000220
1358,170,0.000170
1359,220,0.000220
1360,1320,0.001320
1361,200,0.000200
1362,130,0.000130
1363,370,0.000370
1364,140,0.000140
1365,380,0.000380
1366,220,0.000220
1367,440,0.000440
1368,130,0.000130
1369,570,0.000570
1370,130,0.000130
1371,530,0.000530
1372,220,0.000220
1373,180,0.000180
1374,120,0.000120
1375,880,0.000880
1376,220,0.000220
1377,120,0.000120
1378,210,0.000210
1379,120,0.000120
1380,190,0.000190
1381,710,0.000710
1382,840,0.000840
1383,250,0.000250
1384,5950,0.005950
1385,170,0.000170
1386,1010,0.001010
1387,140,0.000140
1388,130,0.000130
1389,250,0.000250
1390,520,0.000520
1391,120,0.000120
1392,150,0.000150
1393,110,0.000110
1394,110,0.000110
1395,100,0.000100
1396,950,0.000950
1397,640,0.000640
1398,270,0.000270
1399,720,0.000720
1400,8430,0.008430
1401,1390,0.001390
1402,190,0.000190
1403,2010,0.002010
1404,7400,0.007400
1405,10980,0.010980
1406,590,0.000590
1407,16240,0.016240
1408,200,0.000200
1409,170,0.000170
1410,180,0.000180
1411,110,0.000110
1412,110,0.000110
1413,670,0.000670
1414,1890,0.001890
1415,160,0.000160
1416,330,0.000330
1417,960,0.000960
1418,100,0.000100
1419,400,0.000400
1420,120,0.000120
1421,120,0.000120
1422,330,0.000330
1423,230,0.000230
1424,210,0.000210
1425,150,0.000150
1426,130,0.000130
1427,130,0.000130
1428,1700,0.001700
1429,250,0.000250
1430,200,0.000200
1431,130,0.000130
1432,180,0.000180
1433,210,0.000210
1434,110,0.000110
1435,740,0.000740
1436,730,0.000730
1437,340,0.000340
1438,470,0.000470
1439,130,0.000130
1440,14430,0.014430
1441,1970,0.001970
1442,190,0.000190
1443,270,0.000270
1444,830,0.000830
1445,730,0.000730
1446,670,0.000670
1447,4160,0.004160
1448,560,0.000560
1449,160,0.000160
1450,180,0.000180
1451,1750,0.001750
1452,831,0.000831
1453,460,0.000460
1454,330,0.000330
1455,210,0.000210
1456,270,0.000270
1457,210,0.000210
1458,150,0.000150
1459,240,0.000240
1460,1400,0.001400
1461,200,0.000200
1462,150,0.000150
1463,300,0.000300
1464,130,0.000130
1465,320,0.000320
1466,220,0.000220
1467,590,0.000590
1468,150,0.000150
1469,500,0.000500
1470,130,0.000130
1471,510,0.000510
1472,230,0.000230
1473,130,0.000130
1474,120,0.000120
1475,840,0.000840
1476,220,0.000220
1477,120,0.000120
1478,220,0.000220
1479,120,0.000120
1480,200,0.000200
1481,710,0.000710
1482,730,0.000730
1483,220,0.000220
1484,1110,0.001110
1485,150,0.000150
1486,800,0.000800
1487,130,0.000130
1488,120,0.000120
1489,200,0.000200
1490,530,0.000530
1491,110,0.000110
1492,160,0.000160
1493,120,0.000120
1494,110,0.000110
1495,100,0.000100
1496,880,0.000880
1497,510,0.000510
1498,240,0.000240
1499,680,0.000680
1500,7590,0.007590
1501,1890,0.001890
1502,180,0.000180
1503,1370,0.001370
1504,7221,0.007221
1505,12570,0.012570
1506,610,0.000610
1507,1090,0.001090
1508,180,0.000180
1509,170,0.000170
1510,190,0.000190
1511,120,0.000120
1512,120,0.000120
1513,350,0.000350
1514,1590,0.001590
1515,140,0.000140
1516,230,0.000230
1517,780,0.000780
1518,120,0.000120
1519,400,0.000400
1520,110,0.000110
1521,110,0.000110
1522,340,0.000340
1523,210,0.000210
1524,200,0.000200
1525,130,0.000130
1526,120,0.000120
1527,100,0.000100
1528,1390,0.001390
1529,220,0.000220
1530,200,0.000200
1531,130,0.000130
1532,190,0.000190
1533,160,0.000160
1534,120,0.000120
1535,810,0.000810
1536,680,0.000680
1537,320,0.000320
1538,470,0.000470
1539,120,0.000120
1540,12340,0.012340
1541,780,0.000780
1542,160,0.000160
1543,300,0.000300
1544,880,0.000880
1545,680,0.000680
1546,1130,0.001130
1547,1200,0.001200
1548,860,0.000860
1549,120,0.000120
1550,220,0.000220
1551,1630,0.001630
1552,830,0.000830
1553,440,0.000440
1554,280,0.000280
1555,190,0.000190
1556,270,0.000270
1557,210,0.000210
1558,170,0.000170
1559,220,0.000220
1560,1300,0.001300
1561,200,0.000200
1562,130,0.000130
1563,230,0.000230
1564,120,0.000120
1565,330,0.000330
1566,4260,0.004260
1567,480,0.000480
1568,130,0.000130
1569,480,0.000480
1570,120,0.000120
1571,470,0.000470
1572,310,0.000310
1573,150,0.000150
1574,130,0.000130
1575,11090,0.011090
1576,2270,0.002270
1577,260,0.000260
1578,500,0.000500
1579,190,0.000190
1580,220,0.000220
1581,940,0.000940
1582,1200,0.001200
1583,390,0.000390
1584,1880,0.001880
1585,160,0.000160
1586,1370,0.001370
1587,140,0.000140
1588,140,0.000140
1589,230,0.000230
1590,450,0.000450
1591,120,0.000120
1592,150,0.000150
1593,110,0.000110
1594,110,0.000110
1595,90,0.000090
1596,900,0.000900
1597,770,0.000770
1598,250,0.000250
1599,11580,0.011580
1600,7680,0.007680
1601,1540,0.001540
1602,190,0.000190
1603,1640,0.001640
1604,8370,0.008370
1605,29360,0.029360
1606,1230,0.001230
1607,4500,0.004500
1608,250,0.000250
1609,270,0.000270
1610,220,0.000220
1611,230,0.000230
1612,140,0.000140
1613,620,0.000620
1614,7380,0.007380
1615,260,0.000260
1616,360,0.000360
1617,1650,0.001650
1618,190,0.000190
1619,720,0.000720
1620,200,0.000200
1621,140,0.000140
1622,570,0.000570
1623,230,0.000230
1624,430,0.000430
1625,250,0.000250
1626,170,0.000170
1627,190,0.000190
1628,1530,0.001530
1629,460,0.000460
1630,330,0.000330
1631,180,0.000180
1632,330,0.000330
1633,260,0.000260
1634,170,0.000170
1635,1260,0.001260
1636,1120,0.001120
1637,460,0.000460
1638,740,0.000740
1639,180,0.000180
1640,12961,0.012961
1641,950,0.000950
1642,200,0.000200
1643,470,0.000470
1644,1130,0.001130
1645,1170,0.001170
1646,1130,0.001130
1647,1810,0.001810
1648,640,0.000640
1649,190,0.000190
1650,250,0.000250
1651,2130,0.002130
1652,1210,0.001210
1653,730,0.000730
1654,400,0.000400
1655,380,0.000380
1656,370,0.000370
1657,350,0.000350
1658,200,0.000200
1659,350,0.000350
1660,1900,0.001900
1661,330,0.000330
1662,180,0.000180
1663,330,0.000330
1664,160,0.000160
1665,530,0.000530
1666,310,0.000310
1667,690,0.000690
1668,180,0.000180
1669,670,0.000670
1670,190,0.000190
1671,660,0.000660
1672,330,0.000330
1673,200,0.000200
1674,140,0.000140
1675,1270,0.001270
1676,350,0.000350
1677,200,0.000200
1678,360,0.000360
1679,180,0.000180
1680,250,0.000250
1681,950,0.000950
1682,1120,0.001120
1683,410,0.000410
1684,1900,0.001900
1685,220,0.000220
1686,1110,0.001110
1687,180,0.000180
1688,170,0.000170
1689,500,0.000500
1690,740,0.000740
1691,150,0.000150
1692,190,0.000190
1693,160,0.000160
1694,140,0.000140
1695,150,0.000150
1696,1140,0.001140
1697,790,0.000790
1698,540,0.000540
1699,1240,0.001240
1700,6830,0.006830
1701,1240,0.001240
1702,210,0.000210
1703,1390,0.001390
1704,7380,0.007380
1705,12420,0.012420
1706,760,0.000760
1707,1050,0.001050
1708,160,0.000160
1709,200,0.000200
1710,220,0.000220
1711,150,0.000150
1712,150,0.000150
1713,400,0.000400
1714,2120,0.002120
1715,180,0.000180
1716,370,0.000370
1717,1080,0.001080
1718,130,0.000130
1719,530,0.000530
1720,140,0.000140
1721,130,0.000130
1722,570,0.000570
1723,210,0.000210
1724,250,0.000250
1725,180,0.000180
1726,140,0.000140
1727,150,0.000150
1728,1210,0.001210
1729,280,0.000280
1730,260,0.000260
1731,160,0.000160
1732,220,0.000220
1733,270,0.000270
1734,130,0.000130
1735,900,0.000900
1736,860,0.000860
1737,410,0.000410
1738,620,0.000620
1739,150,0.000150
1740,11510,0.011510
1741,950,0.000950
1742,200,0.000200
1743,330,0.000330
1744,950,0.000950
1745,760,0.000760
1746,810,0.000810
1747,1590,0.001590
1748,710,0.000710
1749,170,0.000170
1750,150,0.000150
1751,1900,0.001900
1752,1070,0.001070
1753,580,0.000580
1754,340,0.000340
1755,17111,0.017111
1756,700,0.000700
1757,380,0.000380
1758,210,0.000210
1759,320,0.000320
1760,1870,0.001870
1761,230,0.000230
1762,160,0.000160
1763,320,0.000320
1764,160,0.000160
1765,450,0.000450
1766,250,0.000250
1767,690,0.000690
1768,160,0.000160
1769,600,0.000600
1770,160,0.000160
1771,610,0.000610
1772,270,0.000270
1773,140,0.000140
1774,130,0.000130
1775,1080,0.001080
1776,300,0.000300
1777,160,0.000160
1778,290,0.000290
1779,150,0.000150
1780,240,0.000240
1781,860,0.000860
1782,1090,0.001090
1783,300,0.000300
1784,1370,0.001370
1785,200,0.000200
1786,1050,0.001050
1787,180,0.000180
1788,150,0.000150
1789,260,0.000260
1790,550,0.000550
1791,150,0.000150
1792,160,0.000160
1793,120,0.000120
1794,140,0.000140
1795,120,0.000120
1796,990,0.000990
1797,670,0.000670
1798,310,0.000310
1799,760,0.000760
1800,7900,0.007900
1801,1360,0.001360
1802,230,0.000230
1803,1890,0.001890
1804,23690,0.023690
1805,11890,0.011890
1806,1160,0.001160
1807,1120,0.001120
1808,160,0.000160
1809,190,0.000190
1810,230,0.000230
1811,160,0.000160
1812,130,0.000130
1813,4210,0.004210
1814,2490,0.002490
1815,190,0.000190
1816,390,0.000390
1817,1140,0.001140
1818,140,0.000140
1819,870,0.000870
1820,140,0.000140
1821,140,0.000140
1822,550,0.000550
1823,250,0.000250
1824,310,0.000310
1825,190,0.000190
1826,150,0.000150
1827,150,0.000150
1828,1670,0.001670
1829,340,0.000340
1830,290,0.000290
1831,161,0.000161
1832,290,0.000290
1833,250,0.000250
1834,130,0.000130
1835,1100,0.001100
1836,880,0.000880
1837,470,0.000470
1838,810,0.000810
1839,160,0.000160
1840,11980,0.011980
1841,1060,0.001060
1842,190,0.000190
1843,380,0.000380
1844,1110,0.001110
1845,920,0.000920
1846,920,0.000920
1847,4520,0.004520
1848,710,0.000710
1849,150,0.000150
1850,170,0.000170
1851,2040,0.002040
1852,1370,0.001370
1853,640,0.000640
1854,340,0.000340
1855,280,0.000280
1856,360,0.000360
1857,310,0.000310
1858,180,0.000180
1859,300,0.000300
1860,1920,0.001920
1861,280,0.000280
1862,160,0.000160
1863,490,0.000490
1864,150,0.000150
1865,590,0.000590
1866,370,0.000370
1867,810,0.000810
1868,170,0.000170
1869,760,0.000760
1870,170,0.000170
1871,740,0.000740
1872,290,0.000290
1873,160,0.000160
1874,150,0.000150
1875,1220,0.001220
1876,310,0.000310
1877,170,0.000170
1878,300,0.000300
1879,170,0.000170
1880,240,0.000240
1881,840,0.000840
1882,1060,0.001060
1883,370,0.000370
1884,1470,0.001470
1885,190,0.000190
1886,1200,0.001200
1887,200,0.000200
1888,160,0.000160
1889,330,0.000330
1890,690,0.000690
1891,140,0.000140
1892,190,0.000190
1893,140,0.000140
1894,140,0.000140
1895,130,0.000130
1896,1220,0.001220
1897,750,0.000750
1898,340,0.000340
1899,920,0.000920
1900,8650,0.008650
1901,1600,0.001600
1902,180,0.000180
1903,1670,0.001670
1904,8470,0.008470
1905,14391,0.014391
1906,1200,0.001200
1907,1610,0.001610
1908,250,0.000250
1909,210,0.000210
1910,390,0.000390
1911,150,0.000150
1912,130,0.000130
1913,480,0.000480
1914,2360,0.002360
1915,180,0.000180
1916,350,0.000350
1917,1270,0.001270
1918,190,0.000190
1919,710,0.000710
1920,530,0.000530
1921,220,0.000220
1922,910,0.000910
1923,310,0.000310
1924,390,0.000390
1925,230,0.000230
1926,170,0.000170
1927,170,0.000170
1928,1920,0.001920
1929,400,0.000400
1930,320,0.000320
1931,160,0.000160
1932,330,0.000330
1933,260,0.000260
1934,180,0.000180
1935,1610,0.001610
1936,1160,0.001160
1937,1070,0.001070
1938,1150,0.001150
1939,210,0.000210
1940,14530,0.014530
1941,1080,0.001080
1942,170,0.000170
1943,390,0.000390
1944,1120,0.001120
1945,1020,0.001020
1946,870,0.000870
1947,1520,0.001520
1948,740,0.000740
1949,210,0.000210
1950,340,0.000340
1951,2170,0.002170
1952,1150,0.001150
1953,750,0.000750
1954,370,0.000370
1955,250,0.000250
1956,400,0.000400
1957,370,0.000370
1958,200,0.000200
1959,310,0.000310
1960,1880,0.001880
1961,270,0.000270
1962,160,0.000160
1963,350,0.000350
1964,160,0.000160
1965,460,0.000460
1966,350,0.000350
1967,630,0.000630
1968,150,0.000150
1969,620,0.000620
1970,160,0.000160
1971,620,0.000620
1972,270,0.000270
1973,150,0.000150
1974,140,0.000140
1975,10791,0.010791
1976,330,0.000330
1977,150,0.000150
1978,390,0.000390
1979,180,0.000180
1980,230,0.000230
1981,930,0.000930
1982,18390,0.018390
1983,420,0.000420
1984,1680,0.001680
1985,180,0.000180
1986,1200,0.001200
1987,170,0.000170
1988,160,0.000160
1989,290,0.000290
1990,750,0.000750
1991,170,0.000170
1992,6070,0.006070
1993,170,0.000170
1994,130,0.000130
1995,130,0.000130
1996,1190,0.001190
1997,1160,0.001160
1998,430,0.000430
1999,950,0.000950
2000,9880,0.009880
2001,2050,0.002050
2002,200,0.000200
2003,2050,0.002050
2004,9590,0.009590
2005,36240,0.036240
2006,1420,0.001420
2007,3060,0.003060
2008,230,0.000230
2009,240,0.000240
2010,260,0.000260
2011,260,0.000260
2012,210,0.000210
2013,610,0.000610
2014,16441,0.016441
2015,360,0.000360
2016,510,0.000510
2017,1310,0.001310
2018,190,0.000190
2019,810,0.000810
2020,200,0.000200
2021,190,0.000190
2022,720,0.000720
2023,300,0.000300
2024,380,0.000380
2025,250,0.000250
2026,200,0.000200
2027,200,0.000200
2028,1800,0.001800
2029,460,0.000460
2030,370,0.000370
2031,210,0.000210
2032,440,0.000440
2033,390,0.000390
2034,180,0.000180
2035,1160,0.001160
2036,970,0.000970
2037,730,0.000730
2038,1140,0.001140
2039,200,0.000200
2040,16810,0.016810
2041,1300,0.001300
2042,330,0.000330
2043,650,0.000650
2044,1280,0.001280
2045,1170,0.001170
2046,1020,0.001020
2047,2130,0.002130
2048,930,0.000930
2049,270,0.000270
2050,320,0.000320
2051,3310,0.003310
2052,1190,0.001190
2053,810,0.000810
2054,510,0.000510
2055,390,0.000390
2056,550,0.000550
2057,420,0.000420
2058,270,0.000270
2059,440,0.000440
2060,1760,0.001760
2061,390,0.000390
2062,230,0.000230
2063,550,0.000550
2064,200,0.000200
2065,660,0.000660
2066,390,0.000390
2067,880,0.000880
2068,220,0.000220
2069,900,0.000900
2070,240,0.000240
2071,1010,0.001010
2072,400,0.000400
2073,220,0.000220
2074,180,0.000180
2075,1050,0.001050
2076,450,0.000450
2077,200,0.000200
2078,390,0.000390
2079,200,0.000200
2080,270,0.000270
2081,950,0.000950
2082,1050,0.001050
2083,400,0.000400
2084,1730,0.001730
2085,260,0.000260
2086,1310,0.001310
2087,200,0.000200
2088,180,0.000180
2089,420,0.000420
2090,900,0.000900
2091,190,0.000190
2092,230,0.000230
2093,160,0.000160
2094,170,0.000170
2095,160,0.000160
2096,1370,0.001370
2097,880,0.000880
2098,440,0.000440
2099,990,0.000990
2100,7480,0.007480
2101,1610,0.001610
2102,180,0.000180
2103,1470,0.001470
2104,7240,0.007240
2105,9830,0.009830
2106,690,0.000690
2107,2120,0.002120
2108,310,0.000310
2109,200,0.000200
2110,220,0.000220
2111,160,0.000160
2112,200,0.000200
2113,400,0.000400
2114,2330,0.002330
2115,190,0.000190
2116,300,0.000300
2117,710,0.000710
2118,130,0.000130
2119,490,0.000490
2120,160,0.000160
2121,160,0.000160
2122,530,0.000530
2123,210,0.000210
2124,250,0.000250
2125,200,0.000200
2126,150,0.000150
2127,130,0.000130
2128,1300,0.001300
2129,280,0.000280
2130,240,0.000240
2131,160,0.000160
2132,230,0.000230
2133,230,0.000230
2134,130,0.000130
2135,720,0.000720
2136,620,0.000620
2137,380,0.000380
2138,590,0.000590
2139,150,0.000150
2140,13521,0.013521
2141,990,0.000990
2142,200,0.000200
2143,300,0.000300
2144,790,0.000790
2145,750,0.000750
2146,640,0.000640
2147,1410,0.001410
2148,550,0.000550
2149,150,0.000150
2150,220,0.000220
2151,2320,0.002320
2152,740,0.000740
2153,590,0.000590
2154,350,0.000350
2155,240,0.000240
2156,330,0.000330
2157,320,0.000320
2158,200,0.000200
2159,320,0.000320
2160,1490,0.001490
2161,250,0.000250
2162,160,0.000160
2163,270,0.000270
2164,150,0.000150
2165,390,0.000390
2166,240,0.000240
2167,660,0.000660
2168,180,0.000180
2169,610,0.000610
2170,160,0.000160
2171,640,0.000640
2172,270,0.000270
2173,160,0.000160
2174,130,0.000130
2175,760,0.000760
2176,270,0.000270
2177,160,0.000160
2178,240,0.000240
2179,160,0.000160
2180,220,0.000220
2181,910,0.000910
2182,780,0.000780
2183,280,0.000280
2184,10200,0.010200
2185,200,0.000200
2186,1000,0.001000
2187,170,0.000170
2188,170,0.000170
2189,280,0.000280
2190,650,0.000650
2191,140,0.000140
2192,170,0.000170
2193,140,0.000140
2194,130,0.000130
2195,120,0.000120
2196,780,0.000780
2197,740,0.000740
2198,290,0.000290
2199,640,0.000640
2200,6960,0.006960
2201,1340,0.001340
2202,140,0.000140
2203,1300,0.001300
2204,6360,0.006360
2205,13590,0.013590
2206,650,0.000650
2207,1910,0.001910
2208,140,0.000140
2209,170,0.000170
2210,190,0.000190
2211,110,0.000110
2212,110,0.000110
2213,390,0.000390
2214,23540,0.023540
2215,180,0.000180
2216,290,0.000290
2217,520,0.000520
2218,100,0.000100
2219,430,0.000430
2220,120,0.000120
2221,110,0.000110
2222,390,0.000390
2223,200,0.000200
2224,200,0.000200
2225,160,0.000160
2226,120,0.000120
2227,120,0.000120
2228,1720,0.001720
2229,210,0.000210
2230,190,0.000190
2231,120,0.000120
2232,170,0.000170
2233,150,0.000150
2234,110,0.000110
2235,370,0.000370
2236,400,0.000400
2237,350,0.000350
2238,460,0.000460
2239,130,0.000130
2240,11621,0.011621
2241,820,0.000820
2242,150,0.000150
2243,240,0.000240
2244,490,0.000490
2245,680,0.000680
2246,360,0.000360
2247,1280,0.001280
2248,470,0.000470
2249,170,0.000170
2250,120,0.000120
2251,2500,0.002500
2252,450,0.000450
2253,470,0.000470
2254,270,0.000270
2255,180,0.000180
2256,240,0.000240
2257,200,0.000200
2258,160,0.000160
2259,240,0.000240
2260,1060,0.001060
2261,190,0.000190
2262,130,0.000130
2263,280,0.000280
2264,140,0.000140
2265,310,0.000310
2266,190,0.000190
2267,410,0.000410
2268,120,0.000120
2269,490,0.000490
2270,120,0.000120
2271,440,0.000440
2272,200,0.000200
2273,130,0.000130
2274,100,0.000100
2275,410,0.000410
2276,210,0.000210
2277,130,0.000130
2278,190,0.000190
2279,110,0.000110
2280,200,0.000200
2281,280,0.000280
2282,620,0.000620
2283,210,0.000210
2284,640,0.000640
2285,150,0.000150
2286,710,0.000710
2287,150,0.000150
2288,130,0.000130
2289,210,0.000210
2290,480,0.000480
2291,120,0.000120
2292,130,0.000130
2293,110,0.000110
2294,110,0.000110
2295,100,0.000100
2296,4480,0.004480
2297,510,0.000510
2298,240,0.000240
2299,370,0.000370
2300,7250,0.007250
2301,1270,0.001270
2302,160,0.000160
2303,1720,0.001720
2304,7380,0.007380
2305,7520,0.007520
2306,650,0.000650
2307,3240,0.003240
2308,170,0.000170
2309,180,0.000180
2310,210,0.000210
2311,140,0.000140
2312,140,0.000140
2313,380,0.000380
2314,3760,0.003760
2315,190,0.000190
2316,350,0.000350
2317,490,0.000490
2318,140,0.000140
2319,530,0.000530
2320,140,0.000140
2321,140,0.000140
2322,520,0.000520
2323,230,0.000230
2324,240,0.000240
2325,190,0.000190
2326,160,0.000160
2327,150,0.000150
2328,1270,0.001270
2329,270,0.000270
2330,240,0.000240
2331,151,0.000151
2332,220,0.000220
2333,250,0.000250
2334,130,0.000130
2335,530,0.000530
2336,460,0.000460
2337,370,0.000370
2338,560,0.000560
2339,150,0.000150
2340,13220,0.013220
2341,1050,0.001050
2342,220,0.000220
2343,300,0.000300
2344,450,0.000450
2345,780,0.000780
2346,860,0.000860
2347,1580,0.001580
2348,600,0.000600
2349,170,0.000170
2350,420,0.000420
2351,2660,0.002660
2352,590,0.000590
2353,540,0.000540
2354,350,0.000350
2355,270,0.000270
2356,310,0.000310
2357,260,0.000260
2358,190,0.000190
2359,330,0.000330
2360,1510,0.001510
2361,230,0.000230
2362,160,0.000160
2363,340,0.000340
2364,150,0.000150
2365,380,0.000380
2366,250,0.000250
2367,680,0.000680
2368,170,0.000170
2369,640,0.000640
2370,150,0.000150
2371,610,0.000610
2372,260,0.000260
2373,190,0.000190
2374,130,0.000130
2375,480,0.000480
2376,260,0.000260
2377,150,0.000150
2378,240,0.000240
2379,160,0.000160
2380,180,0.000180
2381,420,0.000420
2382,740,0.000740
2383,280,0.000280
2384,830,0.000830
2385,200,0.000200
2386,910,0.000910
2387,160,0.000160
2388,150,0.000150
2389,260,0.000260
2390,570,0.000570
2391,140,0.000140
2392,170,0.000170
2393,130,0.000130
2394,130,0.000130
2395,120,0.000120
2396,530,0.000530
2397,630,0.000630
2398,280,0.000280
2399,440,0.000440
2400,7410,0.007410
2401,1620,0.001620
2402,170,0.000170
2403,1400,0.001400
2404,7160,0.007160
2405,7480,0.007480
2406,650,0.000650
2407,3220,0.003220
2408,150,0.000150
2409,170,0.000170
2410,210,0.000210
2411,140,0.000140
2412,140,0.000140
2413,460,0.000460
2414,1850,0.001850
2415,190,0.000190
2416,380,0.000380
2417,510,0.000510
2418,130,0.000130
2419,490,0.000490
2420,150,0.000150
2421,130,0.000130
2422,430,0.000430
2423,240,0.000240
2424,220,0.000220
2425,180,0.000180
2426,150,0.000150
2427,140,0.000140
2428,1260,0.001260
2429,260,0.000260
2430,240,0.000240
2431,150,0.000150
2432,210,0.000210
2433,230,0.000230
2434,190,0.000190
2435,510,0.000510
2436,500,0.000500
2437,430,0.000430
2438,580,0.000580
2439,150,0.000150
2440,12970,0.012970
2441,1050,0.001050
2442,200,0.000200
2443,300,0.000300
2444,560,0.000560
2445,820,0.000820
2446,460,0.000460
2447,1540,0.001540
2448,610,0.000610
2449,210,0.000210
2450,140,0.000140
2451,2900,0.002900
2452,540,0.000540
2453,560,0.000560
2454,330,0.000330
2455,250,0.000250
2456,290,0.000290
2457,240,0.000240
2458,210,0.000210
2459,290,0.000290
2460,1490,0.001490
2461,240,0.000240
2462,160,0.000160
2463,340,0.000340
2464,170,0.000170
2465,380,0.000380
2466,250,0.000250
2467,690,0.000690
2468,190,0.000190
2469,640,0.000640
2470,140,0.000140
2471,640,0.000640
2472,260,0.000260
2473,210,0.000210
2474,120,0.000120
2475,480,0.000480
2476,260,0.000260
2477,150,0.000150
2478,230,0.000230
2479,150,0.000150
2480,140,0.000140
2481,440,0.000440
2482,720,0.000720
2483,280,0.000280
2484,910,0.000910
2485,180,0.000180
2486,900,0.000900
2487,170,0.000170
2488,160,0.000160
2489,250,0.000250
2490,550,0.000550
2491,140,0.000140
2492,200,0.000200
2493,130,0.000130
2494,130,0.000130
2495,120,0.000120
2496,590,0.000590
2497,600,0.000600
2498,300,0.000300
2499,430,0.000430
2500,7410,0.007410
2501,1220,0.001220
2502,130,0.000130
2503,1460,0.001460
2504,7020,0.007020
2505,6910,0.006910
2506,620,0.000620
2507,3550,0.003550
2508,130,0.000130
2509,150,0.000150
2510,190,0.000190
2511,120,0.000120
2512,110,0.000110
2513,300,0.000300
2514,1710,0.001710
2515,160,0.000160
2516,290,0.000290
2517,480,0.000480
2518,110,0.000110
2519,690,0.000690
2520,150,0.000150
2521,120,0.000120
2522,400,0.000400
2523,200,0.000200
2524,210,0.000210
2525,150,0.000150
2526,120,0.000120
2527,120,0.000120
2528,1230,0.001230
2529,210,0.000210
2530,200,0.000200
2531,120,0.000120
2532,180,0.000180
2533,150,0.000150
2534,100,0.000100
2535,490,0.000490
2536,440,0.000440
2537,290,0.000290
2538,470,0.000470
2539,120,0.000120
2540,13850,0.013850
2541,1190,0.001190
2542,230,0.000230
2543,370,0.000370
2544,700,0.000700
2545,1220,0.001220
2546,650,0.000650
2547,1850,0.001850
2548,820,0.000820
2549,200,0.000200
2550,230,0.000230
2551,3441,0.003441
2552,470,0.000470
2553,8930,0.008930
2554,380,0.000380
2555,250,0.000250
2556,290,0.000290
2557,290,0.000290
2558,190,0.000190
2559,300,0.000300
2560,1190,0.001190
2561,190,0.000190
2562,120,0.000120
2563,320,0.000320
2564,130,0.000130
2565,390,0.000390
2566,200,0.000200
2567,490,0.000490
2568,130,0.000130
2569,490,0.000490
2570,120,0.000120
2571,470,0.000470
2572,200,0.000200
2573,140,0.000140
2574,100,0.000100
2575,370,0.000370
2576,230,0.000230
2577,140,0.000140
2578,210,0.000210
2579,120,0.000120
2580,230,0.000230
2581,280,0.000280
2582,1040,0.001040
2583,260,0.000260
2584,690,0.000690
2585,150,0.000150
2586,850,0.000850
2587,140,0.000140
2588,130,0.000130
2589,200,0.000200
2590,460,0.000460
2591,110,0.000110
2592,150,0.000150
2593,110,0.000110
2594,110,0.000110
2595,100,0.000100
2596,430,0.000430
2597,490,0.000490
2598,230,0.000230
2599,350,0.000350
2600,7070,0.007070
2601,1340,0.001340
2602,180,0.000180
2603,1760,0.001760
2604,7120,0.007120
2605,7450,0.007450
2606,620,0.000620
2607,3270,0.003270
2608,170,0.000170
2609,200,0.000200
2610,230,0.000230
2611,170,0.000170
2612,120,0.000120
2613,420,0.000420
2614,1860,0.001860
2615,200,0.000200
2616,320,0.000320
2617,570,0.000570
2618,130,0.000130
2619,500,0.000500
2620,140,0.000140
2621,140,0.000140
2622,6351,0.006351
2623,230,0.000230
2624,240,0.000240
2625,190,0.000190
2626,150,0.000150
2627,140,0.000140
2628,1430,0.001430
2629,270,0.000270
2630,260,0.000260
2631,140,0.000140
2632,220,0.000220
2633,240,0.000240
2634,130,0.000130
2635,490,0.000490
2636,520,0.000520
2637,440,0.000440
2638,590,0.000590
2639,150,0.000150
2640,16560,0.016560
2641,22260,0.022260
2642,250,0.000250
2643,320,0.000320
2644,530,0.000530
2645,900,0.000900
2646,440,0.000440
2647,1450,0.001450
2648,600,0.000600
2649,200,0.000200
2650,230,0.000230
2651,2610,0.002610
2652,580,0.000580
2653,390,0.000390
2654,320,0.000320
2655,240,0.000240
2656,370,0.000370
2657,380,0.000380
2658,190,0.000190
2659,330,0.000330
2660,1190,0.001190
2661,230,0.000230
2662,150,0.000150
2663,330,0.000330
2664,170,0.000170
2665,430,0.000430
2666,300,0.000300
2667,360,0.000360
2668,160,0.000160
2669,650,0.000650
2670,150,0.000150
2671,420,0.000420
2672,260,0.000260
2673,160,0.000160
2674,130,0.000130
2675,480,0.000480
2676,260,0.000260
2677,150,0.000150
2678,250,0.000250
2679,140,0.000140
2680,160,0.000160
2681,380,0.000380
2682,750,0.000750
2683,290,0.000290
2684,860,0.000860
2685,180,0.000180
2686,890,0.000890
2687,140,0.000140
2688,150,0.000150
2689,260,0.000260
2690,560,0.000560
2691,130,0.000130
2692,180,0.000180
2693,130,0.000130
2694,140,0.000140
2695,120,0.000120
2696,550,0.000550
2697,390,0.000390
2698,270,0.000270
2699,410,0.000410
2700,7080,0.007080
2701,1610,0.001610
2702,180,0.000180
2703,1500,0.001500
2704,7550,0.007550
2705,7730,0.007730
2706,710,0.000710
2707,3600,0.003600
2708,150,0.000150
2709,180,0.000180
2710,240,0.000240
2711,190,0.000190
2712,140,0.000140
2713,380,0.000380
2714,2641,0.002641
2715,240,0.000240
2716,510,0.000510
2717,830,0.000830
2718,170,0.000170
2719,630,0.000630
2720,170,0.000170
2721,150,0.000150
2722,730,0.000730
2723,320,0.000320
2724,370,0.000370
2725,240,0.000240
2726,230,0.000230
2727,200,0.000200
2728,2060,0.002060
2729,490,0.000490
2730,430,0.000430
2731,210,0.000210
2732,350,0.000350
2733,210,0.000210
2734,180,0.000180
2735,1010,0.001010
2736,780,0.000780
2737,620,0.000620
2738,1210,0.001210
2739,200,0.000200
2740,13320,0.013320
2741,650,0.000650
2742,210,0.000210
2743,310,0.000310
2744,530,0.000530
2745,570,0.000570
2746,450,0.000450
2747,1390,0.001390
2748,730,0.000730
2749,210,0.000210
2750,250,0.000250
2751,2680,0.002680
2752,590,0.000590
2753,390,0.000390
2754,320,0.000320
2755,250,0.000250
2756,320,0.000320
2757,260,0.000260
2758,200,0.000200
2759,290,0.000290
2760,1080,0.001080
2761,220,0.000220
2762,150,0.000150
2763,340,0.000340
2764,160,0.000160
2765,390,0.000390
2766,240,0.000240
2767,340,0.000340
2768,150,0.000150
2769,590,0.000590
2770,160,0.000160
2771,390,0.000390
2772,250,0.000250
2773,160,0.000160
2774,130,0.000130
2775,510,0.000510
2776,270,0.000270
2777,160,0.000160
2778,250,0.000250
2779,150,0.000150
2780,140,0.000140
2781,430,0.000430
2782,890,0.000890
2783,290,0.000290
2784,840,0.000840
2785,180,0.000180
2786,920,0.000920
2787,150,0.000150
2788,160,0.000160
2789,250,0.000250
2790,650,0.000650
2791,130,0.000130
2792,180,0.000180
2793,130,0.000130
2794,130,0.000130
2795,130,0.000130
2796,560,0.000560
2797,400,0.000400
2798,290,0.000290
2799,420,0.000420
2800,7020,0.007020
2801,1280,0.001280
2802,180,0.000180
2803,1750,0.001750
2804,7330,0.007330
2805,7910,0.007910
2806,620,0.000620
2807,3370,0.003370
2808,170,0.000170
2809,190,0.000190
2810,220,0.000220
2811,190,0.000190
2812,120,0.000120
2813,430,0.000430
2814,1900,0.001900
2815,190,0.000190
2816,340,0.000340
2817,550,0.000550
2818,130,0.000130
2819,500,0.000500
2820,130,0.000130
2821,140,0.000140
2822,490,0.000490
2823,240,0.000240
2824,240,0.000240
2825,190,0.000190
2826,170,0.000170
2827,160,0.000160
2828,1290,0.001290
2829,310,0.000310
2830,240,0.000240
2831,150,0.000150
2832,230,0.000230
2833,160,0.000160
2834,130,0.000130
2835,530,0.000530
2836,470,0.000470
2837,390,0.000390
2838,570,0.000570
2839,120,0.000120
2840,11110,0.011110
2841,500,0.000500
2842,140,0.000140
2843,240,0.000240
2844,460,0.000460
2845,420,0.000420
2846,350,0.000350
2847,1250,0.001250
2848,330,0.000330
2849,150,0.000150
2850,130,0.000130
2851,12160,0.012160
2852,540,0.000540
2853,330,0.000330
2854,280,0.000280
2855,190,0.000190
2856,270,0.000270
2857,210,0.000210
2858,160,0.000160
2859,270,0.000270
2860,990,0.000990
2861,200,0.000200
2862,130,0.000130
2863,220,0.000220
2864,130,0.000130
2865,320,0.000320
2866,200,0.000200
2867,290,0.000290
2868,110,0.000110
2869,530,0.000530
2870,110,0.000110
2871,330,0.000330
2872,210,0.000210
2873,120,0.000120
2874,100,0.000100
2875,360,0.000360
2876,220,0.000220
2877,140,0.000140
2878,190,0.000190
2879,130,0.000130
2880,200,0.000200
2881,370,0.000370
2882,640,0.000640
2883,220,0.000220
2884,700,0.000700
2885,130,0.000130
2886,730,0.000730
2887,140,0.000140
2888,110,0.000110
2889,200,0.000200
2890,530,0.000530
2891,110,0.000110
2892,160,0.000160
2893,120,0.000120
2894,110,0.000110
2895,100,0.000100
2896,490,0.000490
2897,310,0.000310
2898,210,0.000210
2899,320,0.000320
2900,6850,0.006850
2901,1360,0.001360
2902,240,0.000240
2903,1560,0.001560
2904,6950,0.006950
2905,7180,0.007180
2906,630,0.000630
2907,3330,0.003330
2908,160,0.000160
2909,190,0.000190
2910,220,0.000220
2911,160,0.000160
2912,150,0.000150
2913,410,0.000410
2914,1840,0.001840
2915,180,0.000180
2916,340,0.000340
2917,570,0.000570
2918,120,0.000120
2919,500,0.000500
2920,140,0.000140
2921,140,0.000140
2922,440,0.000440
2923,240,0.000240
2924,260,0.000260
2925,180,0.000180
2926,150,0.000150
2927,140,0.000140
2928,1160,0.001160
2929,290,0.000290
2930,240,0.000240
2931,140,0.000140
2932,220,0.000220
2933,150,0.000150
2934,120,0.000120
2935,500,0.000500
2936,470,0.000470
2937,400,0.000400
2938,580,0.000580
2939,140,0.000140
2940,15390,0.015390
2941,640,0.000640
2942,200,0.000200
2943,280,0.000280
2944,560,0.000560
2945,510,0.000510
2946,440,0.000440
2947,24501,0.024501
2948,520,0.000520
2949,190,0.000190
2950,290,0.000290
2951,6160,0.006160
2952,630,0.000630
2953,350,0.000350
2954,330,0.000330
2955,260,0.000260
2956,340,0.000340
2957,270,0.000270
2958,210,0.000210
2959,300,0.000300
2960,1190,0.001190
2961,230,0.000230
2962,180,0.000180
2963,330,0.000330
2964,140,0.000140
2965,400,0.000400
2966,250,0.000250
2967,370,0.000370
2968,170,0.000170
2969,580,0.000580
2970,150,0.000150
2971,380,0.000380
2972,250,0.000250
2973,160,0.000160
2974,130,0.000130
2975,470,0.000470
2976,260,0.000260
2977,150,0.000150
2978,250,0.000250
2979,140,0.000140
2980,240,0.000240
2981,440,0.000440
2982,790,0.000790
2983,280,0.000280
2984,820,0.000820
2985,170,0.000170
2986,850,0.000850
2987,170,0.000170
2988,150,0.000150
2989,280,0.000280
2990,570,0.000570
2991,130,0.000130
2992,170,0.000170
2993,130,0.000130
2994,130,0.000130
2995,120,0.000120
2996,690,0.000690
2997,390,0.000390
2998,280,0.000280
2999,440,0.000440
